title,date,desc,content,keywords
Coronavirus Briefing: What Happened Today,2021-02-24T22:05:31Z,Johnson & Johnson’s vaccine was found to provide strong protection against severe disease and death.,"The global vaccine-sharing program Covax, which aims to make vaccine access more equitable around the world, delivered its first shipment today: 600,000 doses provided by Indias Serum Institute arriv… [+1933 chars]","['#Johnson', '#vaccine', '#found', '#provide', '#protection']"
Assessing Claims in the Coronavirus Stimulus Debate,2021-02-27T10:00:11Z,"Lawmakers have made an array of misleading claims about “Pelosi’s subway,” unauthorized immigrants receiving checks, school funding and the minimum wage as they debate the $1.9 trillion relief bill.","A spokeswoman for the House transportation committee said that the BART extension was not receiving special funding, but rather simply being funded proportionately to other similar projects around th… [+1751 chars]","['#Lawmakers', '#array', '#misleading', '#claims', '#Pelosi']"
Coronavirus Testing Slumps in the U.S.,2021-03-01T10:29:50Z,"Medical experts cited various factors behind the 30 percent drop in the country’s screening in recent weeks. In California, landmark efforts are underway to combat Covid-19’s rampage through the agriculture sector.","LiveUpdated March 1, 2021, 5:10 a.m. ET
March 1, 2021, 5:10 a.m. ET
Medical experts cited various factors behind the 30 percent drop in the countrys screening in recent weeks. In California, landma… [+9725 chars]","['#experts', '#cited', '#factors', '#percent', '#drop']"
Coronavirus Vaccine Finder Aims to Help Americans Get Shots,2021-02-25T01:53:17Z,VaccineFinder.org is an ambitious but limited attempt to simplify Americans’ search for vaccines.,"Despite the progress, though, getting appointments for vaccinations has been a source of great frustration for many people. Appointment slots are filled within minutes of becoming available. States, … [+1884 chars]","['#VaccineFinder.org', '#attempt', '#simplify', '#Americans', '#search']"
Thousands of Farmworkers Are Prioritized for the Coronavirus Vaccine,2021-03-01T08:00:09Z,"A landmark initiative in California is taking vaccines to the fields, targeting an immigrant work force that is at high risk for Covid-19. Many of the workers are undocumented, raising questions about whether they should have priority.","Rosa Torres, who packs dates, said she never imagined it could be so simple. God answered my prayers, said Ms. Torres, 49, an immigrant from Mexico, who was resplendent in matching lime-green shirt, … [+1245 chars]","['#landmark', '#initiative', '#California', '#taking', '#vaccines']"
D.C.’s Mayor Mourned Covid’s Unequal Toll. Her Sister Is the Latest Victim.,2021-02-26T00:47:27Z,"As the number of coronavirus deaths in the city reached 1,000 this week, three-fourths of the dead were Black.","Ms. Bowser never had children of her own, but Mr. Thomas considered her his godmother. She was one of the first people he called when he learned he would be a chef at the U.S. Capitol, and when he se… [+1916 chars]","['#number', '#coronavirus', '#deaths', '#city', '#reached']"
Coronavirus: Biden's $1.9tn Covid relief bill passes House vote,2021-02-27T07:31:35Z,"The coronavirus aid plan passes despite total Republican opposition, but must now go to the Senate.","image copyrightGetty Images
image captionDemonstrators are calling for a rise in the US minimum wage - but it will be difficult to get through Congress
President Joe Biden's $1.9tn (£1.4tn) relief … [+1991 chars]","['#coronavirus', '#aid', '#plan', '#passes', '#opposition']"
Covid-19: Dolly Parton marks vaccination with Jolene rewrite,2021-03-03T04:49:01Z,"Singing to the tune of her hit song Jolene, the county star, 75, promotes coronavirus vaccinations.","image captionDolly Parton was vaccinated with a jab developed by Moderna
Country star Dolly Parton has been given a Covid-19 vaccine dose, after urging others to follow her example by reimaging one … [+2390 chars]","['#Singing', '#tune', '#hit', '#song', '#Jolene']"
N.B.A. Investigating After Jeremy Lin Said He Was Called ‘Coronavirus’,2021-02-27T05:05:08Z,"Lin, who is Taiwanese-American, said on social media that he had been called “coronavirus” on the court. He has been playing in the N.B.A.’s developmental league.","The investigation came amid a rise in attacks against Asian-Americans, according to government tallies. The number of hate crimes with Asian-American victims reported to the New York Police Departmen… [+1439 chars]","['#Lin', '#Taiwanese', '#American', '#said', '#media']"
"Coronavirus Variant Found in Brazil Can Cause Reinfection, Study Shows",2021-03-02T10:59:24Z,Some who had immunity from previous bouts of the coronavirus contracted it again as the P.1 variant spread in the Amazonian city of Manaus. And one Arizona county has opened vaccines to all residents.,"LiveUpdated March 2, 2021, 5:39 a.m. ET
March 2, 2021, 5:39 a.m. ET
Some who had immunity from previous bouts of the coronavirus contracted it again as the P.1 variant spread in the Amazonian city … [+15095 chars]","['#immunity', '#bouts', '#coronavirus', '#contracted', '#P.1']"
"Positive Coronavirus Tests Decline in N.Y., but Variants Loom",2021-02-26T10:40:56Z,"The number of people testing positive is dropping slowly, but new variants and a relatively slow vaccination rate  threaten progress.","Only use this if you absolutely must, she said as I slipped the coin into my pocket, where it would sit next to the one she had given me the day before.
I spent Fridays after school in a small barbe… [+939 chars]","['#number', '#people', '#testing', '#dropping', '#variants']"
Coronavirus: The misleading claims about an Indian remedy,2021-03-01T00:44:01Z,"A traditional herbal remedy said to ""cure"" Covid has resurfaced, but there's no evidence it works.","By Shruti MenonBBC Reality Check
image captionCoronil has appeared for sale outside India, including in the UK
A controversial herbal concoction has been in the news again in India, with renewed cl… [+5363 chars]","['#remedy', '#said', '#cure', '#Covid', '#resurfaced']"
When Did the Pandemic Become Real for You?,2021-03-02T23:11:43Z,"The World Health Organization declared the spread of the coronavirus a pandemic on March 11, 2020. But when was the instant you knew your life would change?","A year ago, the United States counted its first known coronavirus-related death. Since then, more than 500,000 Americans have died. No other country has lost as many lives.
Daily life has been upend… [+858 chars]","['#World', '#Health', '#Organization', '#declared', '#spread']"
"Luis Fernando Arias, Colombian Indigenous Leader, Dies at 41",2021-02-24T21:21:12Z,"Motivated by violence inflicted on his family by paramilitaries, he became the leading voice in a coalition of Indigenous peoples. Complications of the coronavirus contributed to his death.","He left us with beautiful memories, so we dont have to live on crying, Eulalia Yagarí, a co-founder of the Indigenous organization and a member of the Embera people, said in a statement. Theyre memor… [+578 chars]","['#Motivated', '#violence', '#inflicted', '#family', '#paramilitaries']"
Federal Scientists Plead for Pandemic Controls as Infection Declines Stall,2021-02-27T00:37:48Z,"“Now is not the time to relax restrictions,” the C.D.C. director, Rochelle Walensky, said, pointing to a leveling of coronavirus infections as governors move to lift pandemic restrictions.","While coronavirus deaths tend to fluctuate more than cases and hospital admissions, Dr. Walensky said the most recent seven-day average was slightly higher than the average earlier in the week. The s… [+1769 chars]","['#restrictions', '#time', '#relax', '#C.D.C.', '#director']"
A Wave of Reopenings Takes Hold as Americans Ask Whether the Worst Is Over,2021-03-02T21:02:52Z,"As coronavirus cases drop, states are reopening businesses and schools, prompting people to emerge after months of isolation despite uncertainty about the pandemic’s future.","Last years shutdown forced Zack Medford, 38, to abruptly close the five bars he owned in North Carolina, lay off 80 employees, and apply for unemployment benefits. He has had to give up two of his ba… [+1275 chars]","['#coronavirus', '#cases', '#drop', '#states', '#reopening']"
The US is about to get a third coronavirus vaccine. Here's how it's different from the others,2021-02-27T23:18:40Z,The United States is poised to get a third coronavirus vaccine -- this one made by Johnson & Johnson.,"(CNN)The United States is poised to get a third coronavirus vaccine -- this one made by Johnson &amp; Johnson.
The US Food and Drug Administration has given the vaccine emergency use authorization, … [+7531 chars]","['#Johnson', '#United', '#States', '#poised', '#coronavirus']"
Pandemic Insurance Helped the N.C.A.A. Tournament and Others,2021-02-26T22:05:06Z,"Event cancellation insurance is a specialized realm. But during the coronavirus pandemic, it has shored up the balance sheets of sporting events around the world.","The N.C.A.A. has been buying coverage for its mens basketball tournament since the late 1990s, when its annual budget was less than $450 million in todays dollars. (In its last pre-pandemic fiscal ye… [+2084 chars]","['#Event', '#cancellation', '#insurance', '#realm', '#coronavirus']"
Texas and Other States Reopen as Covid Cases Fall,2021-03-02T21:48:28Z,"As coronavirus cases fall, states are rescinding mask mandates and reopening businesses and schools, prompting people to emerge after months of isolation despite uncertainty about the pandemic’s future.","It was an exhilarating feeling to see that happen, said Mr. Medford, who is also the president of the states bar and tavern association. It really was the first time in a year that I got out of bed a… [+1699 chars]","['#coronavirus', '#cases', '#fall', '#states', '#rescinding']"
Big Shipments to Africa Ramp Up Global Vaccine Drive,2021-02-24T10:29:05Z,"The initiative known as Covax plans to deliver some two billion doses worldwide this year, the largest mass inoculation operation in history. Coronavirus lockdowns led to dramatic spike in domestic violence, an analysis of studies finds.","LiveUpdated Feb. 24, 2021, 5:29 a.m. ET
Feb. 24, 2021, 5:29 a.m. ET
The initiative known as Covax plans to deliver some two billion doses worldwide this year, the largest mass inoculation operation… [+18604 chars]","['#initiative', '#known', '#Covax', '#plans', '#deliver']"
"California, With 50,000 Lost, Has More Deaths Than Any Other State",2021-02-25T10:40:28Z,The state accounts for roughly one in 10 of the coronavirus-related deaths recorded in the U.S. A new variant spreading in New York City is being closely studied by scientists.,"LiveUpdated Feb. 25, 2021, 5:17 a.m. ET
Feb. 25, 2021, 5:17 a.m. ET
The state accounts for roughly one in 10 of the coronavirus-related deaths recorded in the U.S. A new variant spreading in New Yo… [+19406 chars]","['#state', '#accounts', '#coronavirus', '#related', '#deaths']"
Chinese mobile games are gaining ground in the US,2021-02-24T13:40:50Z,"Over the past year, the coronavirus crisis has spurred app usage in the United States as people stay indoors to limit contact with others. Mobile games particularly have enjoyed a boom, and among them, games from Chinese studios are gaining popularity. Games …","Over the past year, the coronavirus crisis has spurred app usage in the United States as people stay indoors to limit contact with others. Mobile games particularly have enjoyed a boom, and among the… [+2728 chars]","['#games', '#year', '#coronavirus', '#crisis', '#spurred']"
Calling Czech VCs: Be featured in The Great TechCrunch Survey of European VC,2021-02-25T11:02:29Z,"TechCrunch is embarking on a major project to survey the venture capital investors of Europe, and their cities. Our survey of VCs in the Czech Republic and Prague will capture how the country is faring, and what changes are being wrought amongst investors by …","TechCrunch is embarking on a major project to survey the venture capital investors of Europe, and their cities.
Our survey of VCs in the Czech Republic and Prague will capture how the country is far… [+1991 chars]","['#survey', '#investors', '#TechCrunch', '#embarking', '#project']"
EU to propose a ‘digital pass’ for COVID-19 vaccination/test status to help safer travel,2021-03-01T16:00:51Z,The European Commission has said it will present a legislative plan later this month for what it’s calling a “digital green pass” — aka a digital certificate — which it says will be aimed at facilitating cross-border travel in the age of coronavirus. Presiden…,The European Commission has said it will present a legislative plan later this month for what it’s calling a “digital green pass” — aka a digital certificate — which it says will be aimed at facilita… [+3969 chars],"['#European', '#Commission', '#said', '#present', '#plan']"
"Open a window to reduce virus spread, CDC tells schools",2021-02-27T00:13:49Z,The US Centers for Disease Control and Prevention posted new recommendations Friday on the importance of good ventilation in preventing coronavirus spread in schools and daycares. Its top recommendation: Open a window.,(CNN)The US Centers for Disease Control and Prevention posted new recommendations Friday on the importance of good ventilation in preventing coronavirus spread in schools and daycares. Its top recomm… [+3750 chars],"['#US', '#Centers', '#Disease', '#Control', '#Prevention']"
Thailand receives its first coronavirus vaccines - Reuters,2021-02-24T05:17:00Z,"Thailand received on Wednesday its first 200,000 doses of Sinovac Biotech's CoronaVac, the country's first batch of coronavirus vaccines, with inoculations set to begin in a few days.","By Reuters Staff
BANGKOK (Reuters) - Thailand received on Wednesday its first 200,000 doses of Sinovac Biotechs CoronaVac, the countrys first batch of coronavirus vaccines, with inoculations set to … [+1670 chars]","['#Thailand', '#received', '#Wednesday', '#doses', '#Sinovac']"
Coronavirus: Texas moves to lift mask mandate and lift Covid rules,2021-03-02T21:31:47Z,"Texas's mask mandate will be lifted and businesses allowed to reopen fully, Governor Abbott says.","image captionMr Abbott has been under pressure to lift the restrictions
Texas will lift its mask mandate and allow businesses to reopen at full capacity next week, Governor Greg Abbott has announced… [+500 chars]","['#Texas', '#mask', '#mandate', '#lifted', '#businesses']"
UPDATE 1-Mexico's coronavirus czar back home after COVID-19 hospital stay - Reuters,2021-03-02T02:47:00Z,"Mexico's coronavirus czar is back home after being hospitalized for COVID-19 last Wednesday, but will still be monitored and receive treatment, a health official said on Monday, as the country's coronavirus death toll passed 186,000.","By Reuters Staff
(Updates with Lopez-Gatell returning home)
MEXICO CITY, March 1 (Reuters) - Mexicos coronavirus czar is back home after being hospitalized for COVID-19 last Wednesday, but will sti… [+1171 chars]","['#coronavirus', '#Mexico', '#czar', '#hospitalized', '#Wednesday']"
Germany to extend coronavirus lockdown until March 28 - draft - Reuters.com,2021-03-02T10:51:55Z,Germany to extend coronavirus lockdown until March 28 - draft  Reuters.com,"A woman walks with her dog at the Volkspark Friedrichshain, amid the coronavirus disease (COVID-19) pandemic, in Berlin, Germany March 2, 2021. REUTERS/Annegret Hilse
Healthcare &amp; Pharmaceutical… [+1360 chars]","['#Germany', '#extend', '#coronavirus', '#lockdown', '#March']"
Twitter Launches Five-Strike System to Ban Users Who Spread Covid-19 Lies,2021-03-02T11:00:00Z,"Twitter will ban users who spread misinformation about the coronavirus pandemic and covid-19 vaccines under a new five-strike system, according to a new blog post from the social media company. Twitter bans all medical information that’s “demonstrably false o…","Twitter will ban users who spread misinformation about the coronavirus pandemic and covid-19 vaccines under a new five-strike system, according to a new blog post from the social media company. Twitt… [+2847 chars]","['#Twitter', '#ban', '#users', '#spread', '#misinformation']"
BRIEF-U.S. CDC Reports Total Novel Coronavirus Cases Of 28.21 Mln As Of Yesterday - Reuters,2021-02-26T18:38:00Z,BRIEF-U.S. CDC Reports Total Novel Coronavirus Cases Of 28.21 Mln As Of Yesterday  Reuters,"By Reuters Staff
Feb 26 (Reuters) - U.S. Centers for Disease Control and Prevention:
* U.S. CDC REPORTS TOTAL DEATHS OF 506,834 DUE TO CORONAVIRUS AS OF YESTERDAY VERSUS 503,587 IN PREVIOUS REPORT … [+167 chars]","['#BRIEF', '#U.S.', '#CDC', '#Reports', '#Total']"
Fauci Donates Personal Coronavirus Model To Smithsonian,2021-03-03T09:51:16Z,The face of the U.S. government's pandemic response donated his personal model of the SARS-CoV-2 virion to the Smithsonian Institution for a future exhibit.,"Dr. Anthony Fauci holds his personal 3D-printed model of the SARS-CoV-2 virion during the ""Great Americans Awards Program.""
The National Museum of American History
There may be light at the end of … [+2148 chars]","['#face', '#U.S.', '#government', '#pandemic', '#response']"
Tokyo reports 337 new daily coronavirus infections - Reuters,2021-02-27T06:09:00Z,"Tokyo reported 337 new coronavirus infections on Saturday, its government said.","By Reuters Staff
TOKYO, Feb 27 (Reuters) - Tokyo reported 337 new coronavirus infections on Saturday, its government said.
Japan said on Friday it would lift at the end of this month a state of eme… [+203 chars]","['#Tokyo', '#reported', '#coronavirus', '#infections', '#Saturday']"
What you need to know about the coronavirus right now - Reuters,2021-03-01T05:40:00Z,What you need to know about the coronavirus right now  Reuters,"By Reuters Staff
(Reuters) - Heres what you need to know about the coronavirus right now:
FILE PHOTO: A nursing home worker receives the AstraZeneca COVID-19 vaccine at a healthcare centre as South… [+2063 chars]","['#need', '#know', '#coronavirus', '#Reuters']"
What you need to know about the coronavirus right now - Reuters,2021-03-02T10:35:00Z,What you need to know about the coronavirus right now  Reuters,"By Reuters Staff
(Reuters) - Heres what you need to know about the coronavirus right now:
FILE PHOTO: People wait in line in Olympic Stadium for their coronavirus disease (COVID-19) vaccine as Queb… [+3249 chars]","['#need', '#know', '#coronavirus', '#Reuters']"
What you need to know about the coronavirus right now - Reuters,2021-03-01T10:40:00Z,What you need to know about the coronavirus right now  Reuters,"By Reuters Staff
(Reuters) - Heres what you need to know about the coronavirus right now:
FILE PHOTO: Healthcare workers test teachers and school workers for the coronavirus disease (COVID-19) at t… [+3288 chars]","['#need', '#know', '#coronavirus', '#Reuters']"
Streaming music made up 83 percent of the record industry's revenue in 2020,2021-02-26T20:49:07Z,"The coronavirus pandemic may have made it nearly impossible to check out live shows last year, but the music industry still found a way to grow despite all the hardships. According to the Recording Industry Association of America’s annual year-end report
, o…","The coronavirus pandemic may have made it nearly impossible to check out live shows last year, but the music industry still found a way to grow despite all the hardships. According to the Recording I… [+1814 chars]","['#year', '#coronavirus', '#pandemic', '#check', '#shows']"
"Colombia extends health state of emergency, seeks more Sinovac vaccines - Reuters",2021-02-26T01:13:20Z,"Colombia will extend its health state of emergency to curb the spread of coronavirus by three months, President Ivan Duque said on Thursday, adding that the country is in talks to buy additional doses of coronavirus vaccines produced by China's Sinovac Biotec…","By Reuters Staff
BOGOTA (Reuters) - Colombia will extend its health state of emergency to curb the spread of coronavirus by three months, President Ivan Duque said on Thursday, adding that the count… [+1581 chars]","['#coronavirus', '#Colombia', '#extend', '#health', '#state']"
Colombia approves emergency use of AstraZeneca coronavirus vaccine - Reuters,2021-02-24T00:23:00Z,"Colombia has approved emergency use of AstraZeneca's coronavirus vaccine, the director of the food and drug regulator INVIMA said as part of a government address on Tuesday.","By Reuters Staff
FILE PHOTO: A test tube labelled ""vaccine"" in front of an AstraZeneca logo in this illustration taken, September 9, 2020. REUTERS/Dado Ruvic/Illustration/File Photo
BOGOTA (Reuters… [+925 chars]","['#Colombia', '#approved', '#emergency', '#use', '#AstraZeneca']"
Yemen warns against possible second coronavirus wave - Reuters,2021-02-24T14:33:00Z,"Hospitals should prepare for a possible second wave of COVID-19 and take steps to prevent the disease spreading, health authorities in the government-controlled part of Yemen said on Wednesday.","By Reuters Staff
FILE PHOTO: Students attend a class at the beginning of the school year amid fears of the spread of the coronavirus disease (Covid-19) in Sanaa, Yemen October 18, 2020. REUTERS/Khal… [+2023 chars]","['#Hospitals', '#prepare', '#wave', '#COVID-19', '#steps']"
"Mexico reports 877 more coronavirus deaths, 8,462 new cases - Reuters",2021-02-25T19:37:00Z,"Mexico registered another 877 coronavirus fatalities on Thursday, bringing the overall death toll to 183,692, according to health ministry data.","By Reuters Staff
MEXICO CITY, Feb 25 (Reuters) - Mexico registered another 877 coronavirus fatalities on Thursday, bringing the overall death toll to 183,692, according to health ministry data.
The… [+151 chars]","['#Mexico', '#registered', '#coronavirus', '#fatalities', '#Thursday']"
G League probes 'coronavirus' claim by Jeremy Lin: reports - Reuters,2021-02-27T06:34:00Z,"The NBA's G League has launched an investigation after Jeremy Lin said he was called ""coronavirus"" on the court, U.S. media said on Friday.","By Reuters Staff
(Reuters) - The NBAs G League has launched an investigation after Jeremy Lin said he was called coronavirus on the court, U.S. media said on Friday.
FILE PHOTO: Mar 18, 2019; Toron… [+1776 chars]","['#said', '#NBA', '#G', '#League', '#launched']"
Tokyo reports 329 new coronavirus cases on Sunday - media - Reuters,2021-02-28T06:40:00Z,"Tokyo reported 329 new coronavirus infections on Sunday, national broadcaster NHK said, for a slight decrease from the prevous day's figure of 337.","By Reuters Staff
TOKYO, Feb 28 (Reuters) - Tokyo reported 329 new coronavirus infections on Sunday, national broadcaster NHK said, for a slight decrease from the prevous days figure of 337.
Japan l… [+216 chars]","['#Tokyo', '#reported', '#coronavirus', '#infections', '#Sunday']"
"Germany's confirmed coronavirus cases rise by 8,007 - RKI - Reuters",2021-02-24T04:49:00Z,"The number of confirmed coronavirus cases in Germany increased by 8,007 to 2,402,818, data from the Robert Koch Institute (RKI) for infectious diseases showed on Wednesday.","By Reuters Staff
BERLIN, Feb 24 (Reuters) - The number of confirmed coronavirus cases in Germany increased by 8,007 to 2,402,818, data from the Robert Koch Institute (RKI) for infectious diseases sh… [+140 chars]","['#number', '#confirmed', '#coronavirus', '#cases', '#Germany']"
Inovio developing vaccines to target coronavirus variants - Reuters,2021-03-01T21:21:00Z,U.S. drug developer Inovio Pharmaceuticals Inc said on Monday it was developing next-generation COVID-19 vaccine candidates that could be tailored to the known and potentially the unknown SARS-CoV-2 variants.,"By Reuters Staff
FILE PHOTO: Vials labelled ""COVID-19 Coronavirus Vaccine"" are placed on dry ice in this illustration taken, December 5, 2020. REUTERS/Dado Ruvic/Illustration/File Photo
(Reuters) -… [+456 chars]","['#U.S.', '#drug', '#developer', '#Inovio', '#Pharmaceuticals']"
Venezuela approves use of China's Sinopharm coronavirus vaccine - Reuters,2021-03-01T22:59:00Z,"Venezuela has approved the use of China's Sinopharm vaccine against the novel coronavirus, the South American country's health ministry said on Monday, after it began administering Russia's Sputnik V vaccine last month.","By Reuters Staff
FILE PHOTO: Packages of COVID-19 vaccines by Beijing Institute of Biological Products of Sinopharm's China National Biotec Group (CNBG), are displayed during a government-organised … [+1712 chars]","['#vaccine', '#Venezuela', '#approved', '#use', '#China']"
"Spain lowers coronavirus tally after recount, infection rate falls - Reuters",2021-03-02T19:40:00Z,Spain revised downwards its tally of coronavirus cases on Tuesday after eliminating those registered twice in the region of Catalonia and its health ministry said the rate of infection had also fallen.,"By Reuters Staff
FILE PHOTO: A police officer receives his first dose of the AstraZeneca COVID-19 vaccine, as the coronavirus disease (COVID-19) outbreak continues, at Atletico Madrid's Wanda Metrop… [+892 chars]","['#Spain', '#revised', '#tally', '#coronavirus', '#cases']"
Factbox: China's controversial anal tests for coronavirus upset visitors - Reuters,2021-03-03T09:43:00Z,"Foreign visitors have been upset by China's anal swab tests for COVID-19, prompting complaints of inconvenience and even psychological trauma, and stoking debate over their necessity.","By Reuters Staff
BEIJING (Reuters) - Foreign visitors have been upset by Chinas anal swab tests for COVID-19, prompting complaints of inconvenience and even psychological trauma, and stoking debate … [+3451 chars]","['#visitors', '#upset', '#China', '#swab', '#tests']"
Ghana kicks off coronavirus vaccination campaign with COVAX shots - Reuters,2021-03-02T12:01:00Z,"Ghana began its coronavirus vaccination drive on Tuesday with 600,000 AstraZeneca doses it received from the global COVAX vaccine-sharing facility aimed at providing shots to developing nations to help combat the COVID-19 pandemic.","ACCRA (Reuters) - Ghana began its coronavirus vaccination drive on Tuesday with 600,000 AstraZeneca doses it received from the global COVAX vaccine-sharing facility aimed at providing shots to develo… [+2362 chars]","['#Ghana', '#began', '#coronavirus', '#vaccination', '#drive']"
Algeria detects first two cases of UK coronavirus variant - Reuters,2021-02-25T21:37:00Z,"Algeria has recorded its first two cases of the British variant of the coronavirus, state research centre Pasteur Institute said on Thursday.","By Reuters Staff
ALGIERS, Feb 25 (Reuters) - Algeria has recorded its first two cases of the British variant of the coronavirus, state research centre Pasteur Institute said on Thursday.
Two people… [+220 chars]","['#Algeria', '#recorded', '#cases', '#variant', '#coronavirus']"
Poland to announce tougher coronavirus restrictions on Wednesday - Reuters,2021-02-24T07:00:00Z,"Poland will likely announce tighter restrictions on Wednesday as coronavirus cases continue to rise, government spokesman Piotr Muller told Polish private broadcaster Polsat on Wednesday.","By Reuters Staff
WARSAW, Feb 24 (Reuters) - Poland will likely announce tighter restrictions on Wednesday as coronavirus cases continue to rise, government spokesman Piotr Muller told Polish private… [+419 chars]","['#Wednesday', '#Poland', '#announce', '#restrictions', '#coronavirus']"
"Germany's confirmed coronavirus cases rise by 9,019 -RKI - Reuters",2021-03-03T04:18:00Z,"The number of confirmed coronavirus cases in Germany increased by 9,019 to 2,460,030, data from the Robert Koch Institute (RKI) for infectious diseases showed on Wednesday. The reported death toll rose by 418 to 70,881, the tally showed. (Reporting by Berlin …","By Reuters Staff
BERLIN, March 3 (Reuters) - The number of confirmed coronavirus cases in Germany increased by 9,019 to 2,460,030, data from the Robert Koch Institute (RKI) for infectious diseases s… [+136 chars]","['#showed', '#number', '#confirmed', '#coronavirus', '#cases']"
"Germany's confirmed coronavirus cases rise by 4,732 - RKI - Reuters",2021-03-01T04:39:00Z,"The number of confirmed coronavirus cases in Germany increased by 4,732 to 2,447,068, data from the Robert Koch Institute (RKI) for infectious diseases showed on Monday. The reported death toll rose by 60 to 70,105, the tally showed. (Reporting by Berlin News…","By Reuters Staff
BERLIN, March 1 (Reuters) - The number of confirmed coronavirus cases in Germany increased by 4,732 to 2,447,068, data from the Robert Koch Institute (RKI) for infectious diseases s… [+145 chars]","['#showed', '#number', '#confirmed', '#coronavirus', '#cases']"
Ghana kicks off coronavirus vaccination campaign with COVAX shots - Reuters,2021-03-02T11:57:00Z,"Ghana began its coronavirus vaccination drive on Tuesday with 600,000 AstraZeneca doses it received from the global COVAX vaccine-sharing facility aimed at providing shots to developing nations to help combat the COVID-19 pandemic.","ACCRA (Reuters) - Ghana began its coronavirus vaccination drive on Tuesday with 600,000 AstraZeneca doses it received from the global COVAX vaccine-sharing facility aimed at providing shots to develo… [+2362 chars]","['#Ghana', '#began', '#coronavirus', '#vaccination', '#drive']"
"Mexico posts 1,006 more coronavirus deaths, 8,642 new cases - Reuters",2021-02-25T00:51:00Z,"Mexico reported an additional 1,006 coronavirus deaths on Wednesday, bringing the total death count to 182,815, according to data from the country's health ministry.","By Reuters Staff
MONTERREY, Mexico, Feb 24 (Reuters) - Mexico reported an additional 1,006 coronavirus deaths on Wednesday, bringing the total death count to 182,815, according to data from the coun… [+237 chars]","['#Mexico', '#reported', '#coronavirus', '#deaths', '#Wednesday']"
"Germany's confirmed coronavirus cases rise by 11,869 -RKI - Reuters",2021-02-25T04:21:00Z,"The number of confirmed coronavirus cases in Germany increased by 11,869 to 2,414,687, data from the Robert Koch Institute (RKI) for infectious diseases showed on Thursday. The reported death toll rose by 385 to 69,125, the tally showed. (Reporting by Berlin …","By Reuters Staff
BERLIN, Feb 25 (Reuters) - The number of confirmed coronavirus cases in Germany increased by 11,869 to 2,414,687, data from the Robert Koch Institute (RKI) for infectious diseases s… [+135 chars]","['#showed', '#number', '#confirmed', '#coronavirus', '#cases']"
Draft agreement confirms Germany plans to extend coronavirus lockdown - Reuters,2021-03-02T10:27:00Z,"Germany plans to extend its coronavirus lockdown until March 28 but will allow small private gatherings from Monday, a draft agreement for talks between Chancellor Angela Merkel and leader of the federal states showed.","By Reuters Staff
BERLIN, March 2 (Reuters) - Germany plans to extend its coronavirus lockdown until March 28 but will allow small private gatherings from Monday, a draft agreement for talks between … [+654 chars]","['#Germany', '#plans', '#extend', '#coronavirus', '#lockdown']"
"Mexico's coronavirus death tally rises to 186,152 - Reuters",2021-03-01T23:12:00Z,"Mexico registered 437 coronavirus fatalities on Monday, bringing its overall death toll to 186,152, according to health ministry data.","By Reuters Staff
MEXICO CITY, March 1 (Reuters) - Mexico registered 437 coronavirus fatalities on Monday, bringing its overall death toll to 186,152, according to health ministry data.
The ministry… [+253 chars]","['#Mexico', '#registered', '#coronavirus', '#fatalities', '#Monday']"
"Michigan to loosen coronavirus curbs, allow larger gatherings - Reuters",2021-03-03T06:44:00Z,"The U.S. state of Michigan on Tuesday announced a loosening of its coronavirus restrictions, allowing larger gatherings and easing limits on capacity for restaurants and other businesses.","By Reuters Staff
(Reuters) - The U.S. state of Michigan on Tuesday announced a loosening of its coronavirus restrictions, allowing larger gatherings and easing limits on capacity for restaurants and… [+1594 chars]","['#U.S.', '#state', '#Michigan', '#Tuesday', '#announced']"
Serbia's Orthodox Patriarch goes into isolation after coronavirus contact - Reuters,2021-03-03T13:41:00Z,"Patriarch Porfirije, the head of Serbia's influential Orthodox Church, went into isolation on Wednesday after coming into contact with a priest infected with COVID-19, his office said on Wednesday.","By Reuters Staff
BELGRADE (Reuters) - Patriarch Porfirije, the head of Serbias influential Orthodox Church, went into isolation on Wednesday after coming into contact with a priest infected with COV… [+1070 chars]","['#Wednesday', '#Patriarch', '#Porfirije', '#head', '#Serbia']"
Dutch appeals court says coronavirus curfew was right move - Reuters,2021-02-26T10:41:17Z,"A Dutch appeals court said on Friday the government had been right to impose a night curfew in the fight against the coronavirus, overturning a lower court's order which had caused confusion over the measure last week.","By Reuters Staff
FILE PHOTO: A demonstrator holds a banner as riot police officers make them leave from a protest against restrictions put in place to curb the spread of the coronavirus disease (COV… [+1563 chars]","['#court', '#appeals', '#said', '#Friday', '#government']"
"Mexico posts 783 more coronavirus deaths, 7,246 new cases - Reuters",2021-02-27T19:38:00Z,"Mexico registered another 783 coronavirus fatalities on Saturday, bringing the overall death toll in the country to 185,257, according to health ministry data.","By Reuters Staff
MEXICO CITY, Feb 27 (Reuters) - Mexico registered another 783 coronavirus fatalities on Saturday, bringing the overall death toll in the country to 185,257, according to health mini… [+276 chars]","['#Mexico', '#registered', '#coronavirus', '#fatalities', '#Saturday']"
"UPDATE 1-Norway may tighten national restrictions against virus, says health minister - Reuters",2021-03-02T13:55:00Z,"Norway may tighten national restrictions to prevent the spread of the coronavirus, the country's health minister said on Tuesday.","By Reuters Staff
(Adds detail)
OSLO, March 2 (Reuters) - Norway may tighten national restrictions to prevent the spread of the coronavirus, the countrys health minister said on Tuesday.
The Nordic… [+1159 chars]","['#Norway', '#tighten', '#restrictions', '#prevent', '#spread']"
"Norway may tighten national restrictions against virus, says health minister - Reuters",2021-03-02T14:18:00Z,"Norway may tighten national restrictions to prevent the spread of the coronavirus, the country's health minister said on Tuesday.","By Reuters Staff
FILE PHOTO: People walk on the street in Oslo, Norway March 20, 2017. REUTERS/Lefteris Karagiannopoulos
OSLO (Reuters) - Norway may tighten national restrictions to prevent the spr… [+1188 chars]","['#Norway', '#tighten', '#restrictions', '#prevent', '#spread']"
"CORRECTED-France reports 26,788 new coronavirus cases, well below last week's 2021 high - Reuters",2021-03-03T17:36:00Z,"France reported 26,788 new coronavirus infections on Wednesday, down sharply from the 2021 high of 31,519 registered last week Wednesday.","By Reuters Staff
(Corrects headline to read cases, not deaths)
PARIS, March 3 (Reuters) - France reported 26,788 new coronavirus infections on Wednesday, down sharply from the 2021 high of 31,519 r… [+152 chars]","['#Wednesday', '#France', '#reported', '#coronavirus', '#infections']"
"Coronavirus infection rates, cases, and deaths for all parts of Wales on Wednesday, March 3 - Wales Online",2021-03-03T12:46:31Z,"<ol><li>Coronavirus infection rates, cases, and deaths for all parts of Wales on Wednesday, March 3  Wales Online
</li><li>Coronavirus in Powys round-up - Wednesday, March 3, 2021  Powys County Times
</li><li>North Wales coronavirus cases rise again after l…","Twelve more people have died with coronavirus in Wales and more than 200 new positive cases have been identified.
Figures from Public Health Wales published on Wednesday, March 3 reveal that 208 new… [+7146 chars]","['#Wales', '#Coronavirus', '#cases', '#Wednesday', '#March']"
U.S. driving falls 10.3% in December: Department of Transportation - Reuters,2021-02-25T19:34:00Z,"Travel on U.S. roads fell 10.3% in December 2020 after falling 11.1% in November as coronavirus cases continued to increase, the U.S. Transportation Department said Thursday.","By Reuters Staff
WASHINGTON (Reuters) - Travel on U.S. roads fell 10.3% in December 2020 after falling 11.1% in November as coronavirus cases continued to increase, the U.S. Transportation Departmen… [+266 chars]","['#U.S.', '#Travel', '#roads', '#fell', '#December']"
Sudan to receive first batch of vaccine doses on Wednesday - Reuters,2021-03-02T18:33:00Z,"Sudan expects to receive its first batch of doses of the coronavirus vaccine made by AstraZeneca on Wednesday, the prime minister's office said in a tweet.","By Reuters Staff
KHARTOUM, March 2 (Reuters) - Sudan expects to receive its first batch of doses of the coronavirus vaccine made by AstraZeneca on Wednesday, the prime ministers office said in a twe… [+443 chars]","['#Sudan', '#expects', '#receive', '#batch', '#doses']"
Slovak coalition in turmoil over Russian vaccine purchase - Reuters,2021-03-03T17:22:00Z,Slovakia's four-party coalition was in turmoil on Wednesday after Prime Minister Igor Matovic bypassed his partners and ordered in shipments of the Russian Sputnik V coronavirus vaccine.,"By Reuters Staff
PRAGUE (Reuters) - Slovakias four-party coalition was in turmoil on Wednesday after Prime Minister Igor Matovic bypassed his partners and ordered in shipments of the Russian Sputnik… [+2078 chars]","['#Slovakia', '#party', '#coalition', '#turmoil', '#Wednesday']"
Belgium puts COVID-19 easing on hold as hospital admissions spike - Reuters,2021-02-26T16:12:00Z,Belgium put on hold an expected relaxation of coronavirus restrictions on Friday after hospital admissions of people infected with COVID-19 spiked.,"By Reuters Staff
Belgium's Prime Minister Alexander De Croo speaks at a news conference after a government meeting to announce new coronavirus disease (COVID-19) related restrictions in Brussels, Be… [+1601 chars]","['#Belgium', '#hold', '#expected', '#relaxation', '#coronavirus']"
"Buffett upbeat on U.S. and Berkshire, buys back stock even as pandemic hits results - Reuters",2021-02-27T15:34:00Z,Not even the coronavirus pandemic could dampen Warren Buffett's enthusiasm for the future prospects of America and his company Berkshire Hathaway Inc.,"(Reuters) - Not even the coronavirus pandemic could dampen Warren Buffetts enthusiasm for the future prospects of America and his company Berkshire Hathaway Inc.
Buffet used his annual letter to inv… [+2288 chars]","['#coronavirus', '#pandemic', '#dampen', '#Warren', '#Buffett']"
Up to six cases of Manaus variant of coronavirus detected in UK - Reuters,2021-02-28T17:25:00Z,"Up to six cases of the variant of coronavirus first identified in the Brazilian city of Manaus have been detected in Britain, English health officials said on Sunday.","By Reuters Staff
LONDON, Feb 28 (Reuters) - Up to six cases of the variant of coronavirus first identified in the Brazilian city of Manaus have been detected in Britain, English health officials sai… [+536 chars]","['#cases', '#variant', '#coronavirus', '#identified', '#city']"
India's next phase of virus crisis likely to be localised outbreaks - Reuters,2021-03-02T13:14:00Z,Experts say that the relatively low hospitalisation and fatality rates in India suggest the coronavirus pandemic is approaching its next phase - largely manageable local outbreaks.,NEW DELHI (Reuters) - Experts say that the relatively low hospitalisation and fatality rates in India suggest the coronavirus pandemic is approaching its next phase - largely manageable local outbrea… [+4024 chars],"['#Experts', '#hospitalisation', '#fatality', '#rates', '#India']"
Sudan to receive first batch of vaccine doses on Wednesday - Reuters,2021-03-02T18:33:00Z,"Sudan expects to receive its first batch of doses of the coronavirus vaccine made by AstraZeneca on Wednesday, the prime minister's office said in a tweet.","By Reuters Staff
KHARTOUM, March 2 (Reuters) - Sudan expects to receive its first batch of doses of the coronavirus vaccine made by AstraZeneca on Wednesday, the prime ministers office said in a twe… [+443 chars]","['#Sudan', '#expects', '#receive', '#batch', '#doses']"
Slovak coalition in turmoil over Russian vaccine purchase - Reuters,2021-03-03T17:22:00Z,Slovakia's four-party coalition was in turmoil on Wednesday after Prime Minister Igor Matovic bypassed his partners and ordered in shipments of the Russian Sputnik V coronavirus vaccine.,"By Reuters Staff
PRAGUE (Reuters) - Slovakias four-party coalition was in turmoil on Wednesday after Prime Minister Igor Matovic bypassed his partners and ordered in shipments of the Russian Sputnik… [+2078 chars]","['#Slovakia', '#party', '#coalition', '#turmoil', '#Wednesday']"
South African scientists find antibodies from variant may offer cross-protection - Reuters,2021-03-03T13:48:00Z,"Research by South African scientists suggests that antibodies triggered by exposure to the country's dominant coronavirus variant can prevent infection by other variants, the scientists said on Wednesday.","JOHANNESBURG (Reuters) - Research by South African scientists suggests that antibodies triggered by exposure to the countrys dominant coronavirus variant can prevent infection by other variants, the … [+2537 chars]","['#scientists', '#Research', '#suggests', '#antibodies', '#triggered']"
"BRIEF-U.S. CDC Reports Total Deaths Of 501,181 Due To Coronavirus As Of Yesterday Versus 498,993 In Previous Report On Feb. 23 - Reuters",2021-02-24T23:41:00Z,"BRIEF-U.S. CDC Reports Total Deaths Of 501,181 Due To Coronavirus As Of Yesterday Versus 498,993 In Previous Report On Feb. 23  Reuters","By Reuters Staff
Feb 24 (Reuters) -
* U.S. CDC REPORTS TOTAL DEATHS OF 501,181 DUE TO CORONAVIRUS AS OF YESTERDAY VERSUS 498,993 IN PREVIOUS REPORT ON FEB. 23
* U.S. CDC REPORTS TOTAL NOVEL CORONA… [+116 chars]","['#BRIEF', '#U.S.', '#CDC', '#Reports', '#Total']"
U.S. House plans vote on COVID-19 aid bill on Friday - Reuters,2021-02-24T02:24:00Z,"The U.S. House of Representatives will vote on Friday on legislation to provide $1.9 trillion in new coronavirus relief, Representative Steny Hoyer, the chamber's No. 2 Democrat, said.","By Reuters Staff
FILE PHOTO: People walk past protective fencing surrounding the U.S. Capitol, as the sun sets in Washington, U.S., February 21, 2021. REUTERS/Al Drago
WASHINGTON (Reuters) - The U.… [+978 chars]","['#U.S.', '#House', '#Representatives', '#vote', '#Friday']"
Guatemala to receive Russia's Sputnik vaccine in coming weeks - Reuters,2021-02-24T01:40:00Z,Guatemala's health minister Amelia Flores said on Tuesday that Guatemala hopes to receive the first batch of Russia's Sputnik V vaccine against the coronavirus in the coming weeks.,"GUATEMALA CITY, Feb 23 (Reuters) - Guatemalas health minister Amelia Flores said on Tuesday that Guatemala hopes to receive the first batch of Russias Sputnik V vaccine against the coronavirus in the… [+689 chars]","['#Guatemala', '#health', '#minister', '#Amelia', '#Flores']"
Planemaker Airbus unveils emissions data amid climate pressure - Reuters Africa,2021-02-26T07:46:33Z,"European planemaker Airbus on Friday joined a growing list of companies outlining the environmental impact of their products, as aviation aims to reshape itself after the coronavirus crisis.","PARIS (Reuters) - European planemaker Airbus on Friday joined a growing list of companies outlining the environmental impact of their products, as aviation aims to reshape itself after the coronaviru… [+2797 chars]","['#planemaker', '#Airbus', '#Friday', '#joined', '#growing']"
"UK reports 8,523 new cases of COVID-19, 345 deaths - Reuters",2021-02-26T16:22:00Z,"Britain on Friday reported 8,523 new cases of COVID-19 and 345 new deaths within 28 days of a positive coronavirus test.","By Reuters Staff
Nurse Elspeth Huber from Hannage Brook Medical Centre prepares a dose of the COVID-19 vaccine during home visits to the most vulnerable people amid the outbreak of the coronavirus d… [+452 chars]","['#Britain', '#Friday', '#reported', '#cases', '#COVID-19']"
Popcorn-on-demand: Belgian cinema chain gets creative amid pandemic - Reuters,2021-02-25T16:54:00Z,"Unconventional ideas such as popcorn deliveries could help cinemas get through the coronavirus pandemic, the head of Belgian cinema group Kinepolis said on Thursday.","By Reuters Staff
(Reuters) - Unconventional ideas such as popcorn deliveries could help cinemas get through the coronavirus pandemic, the head of Belgian cinema group Kinepolis said on Thursday.
FI… [+1914 chars]","['#ideas', '#popcorn', '#deliveries', '#help', '#cinemas']"
UPDATE 1-Hellenic Petroleum barely profitable last year on record low margins - Reuters,2021-02-25T15:49:00Z,"Greece's biggest oil refiner Hellenic Petroleum was barely profitable last year, as the coronavirus pandemic hit global demand and led to record low refining margins.","By Reuters Staff
(Adds impact of pandemic on operating profit)
ATHENS, Feb 25 (Reuters) - Greeces biggest oil refiner Hellenic Petroleum was barely profitable last year, as the coronavirus pandemic… [+592 chars]","['#Greece', '#oil', '#refiner', '#Hellenic', '#Petroleum']"
Israeli Supreme Court bans unlimited COVID-19 mobile phone tracking - Reuters,2021-03-01T11:44:00Z,"Israel's Supreme Court on Monday banned the government from sweeping use of mobile phone tracking of coronavirus carriers, calling the measure a grave infraction of civil liberties.","JERUSALEM (Reuters) - Israels Supreme Court on Monday banned the government from sweeping use of mobile phone tracking of coronavirus carriers, calling the measure a grave infraction of civil liberti… [+2133 chars]","['#Israel', '#Supreme', '#Court', '#Monday', '#banned']"
UK's Johnson says economic recovery could be stronger than expected - Reuters,2021-03-01T12:35:00Z,"British Prime Minister Boris Johnson said on Monday the country's economy could recover more strongly after the coronavirus pandemic than some ""pessimists"" had predicted.","By Reuters Staff
British Prime Minister Boris Johnson speaks during a visit to St Mary's CE Primary School, ahead of reopening of the primary and secondary schools across England planned for March 8… [+705 chars]","['#Prime', '#Minister', '#Boris', '#Johnson', '#said']"
"BRIEF-U.S. CDC Reports Total Deaths Of 510,777 Due To Coronavirus As Of Yesterday Versus 508,949 In Previous Report On Feb. 27 - Reuters",2021-02-28T18:45:00Z,"BRIEF-U.S. CDC Reports Total Deaths Of 510,777 Due To Coronavirus As Of Yesterday Versus 508,949 In Previous Report On Feb. 27  Reuters","By Reuters Staff
Feb 28 (Reuters) -
* U.S. CDC REPORTS TOTAL DEATHS OF 510,777 DUE TO CORONAVIRUS AS OF YESTERDAY VERSUS 508,949 IN PREVIOUS REPORT ON FEB. 27
* U.S. CDC REPORTS TOTAL NOVEL CORONA… [+116 chars]","['#BRIEF', '#U.S.', '#CDC', '#Reports', '#Total']"
Coronavirus infections rise for first time in 7 weeks-WHO - Reuters,2021-03-01T16:36:00Z,"The number of new coronavirus infections rose last week for the first time in seven weeks, WHO Director-General Tedros Adhanom Ghebreyesus said on Monday.","By Reuters Staff
ZURICH, March 1 (Reuters) - The number of new coronavirus infections rose last week for the first time in seven weeks, WHO Director-General Tedros Adhanom Ghebreyesus said on Monday… [+259 chars]","['#number', '#coronavirus', '#infections', '#rose', '#week']"
"Coronavirus infections rise for first time in seven weeks, WHO says - Reuters",2021-03-01T16:50:00Z,"The number of new coronavirus infections globally rose last week for the first time in seven weeks, WHO Director-General Tedros Adhanom Ghebreyesus said on Monday.","By Reuters Staff
FILE PHOTO: Tedros Adhanom Ghebreyesus, Director General of the World Health Organization (WHO) speaks during the opening of the 148th session of the Executive Board on the coronavi… [+1200 chars]","['#number', '#coronavirus', '#infections', '#rose', '#week']"
U.S. Senate to begin debating COVID-19 bill this week -Schumer - Reuters UK,2021-03-01T20:29:00Z,"The U.S. Senate will begin debating President Joe Biden's $1.9 trillion coronavirus relief bill this week, Senate Majority Leader Chuck Schumer said on Monday.","By Reuters Staff
FILE PHOTO: U.S. Senate Majority Leader Chuck Schumer (D-NY) speaks to reporters in The Senate Reception Room during the second day of Trump's second impeachment trial in Washington… [+345 chars]","['#Senate', '#U.S.', '#begin', '#debating', '#President']"
India's next phase of virus crisis likely to be localised outbreaks - Reuters,2021-03-02T13:25:00Z,Experts say that the relatively low hospitalisation and fatality rates in India suggest the coronavirus pandemic is approaching its next phase - largely manageable local outbreaks.,NEW DELHI (Reuters) - Experts say that the relatively low hospitalisation and fatality rates in India suggest the coronavirus pandemic is approaching its next phase - largely manageable local outbrea… [+4104 chars],"['#Experts', '#hospitalisation', '#fatality', '#rates', '#India']"
Czech Republic declines intermediary's offer for AstraZeneca vaccines - Reuters,2021-03-03T19:26:00Z,"The Czech Republic has declined an offer to buy AstraZeneca Plc's coronavirus vaccines from an intermediary in the United Arab Emirates, Czech officials said on Wednesday.","By Reuters Staff
PRAGUE, March 3 (Reuters) - The Czech Republic has declined an offer to buy AstraZeneca Plcs coronavirus vaccines from an intermediary in the United Arab Emirates, Czech officials s… [+1387 chars]","['#Czech', '#Republic', '#declined', '#offer', '#buy']"
South Korea launches review of Johnson & Johnson's COVID-19 vaccine - Reuters,2021-02-27T02:47:00Z,"South Korean has begun a review of Johnson & Johnson's coronavirus vaccine after the U.S. pharmaceutical firm submitted an application for approval, the government said on Saturday.","By Reuters Staff
FILE PHOTO: Vials with a sticker reading, ""COVID-19 / Coronavirus vaccine / Injection only"" and a medical syringe are seen in front of a displayed Johnson &amp; Johnson logo in this… [+411 chars]","['#Johnson', '#Korean', '#begun', '#review', '#coronavirus']"
